constraint,accuracy,recall(dsr),precision,f1,classification threshold,fpr,data percentage
all,0.8287037037037037,0.7129629629629629,0.927710843373494,0.8062827225130891,-0.0018310546875,0.05555555555555555,0.9
all,0.7962962962962963,0.5987654320987654,0.9897959183673469,0.7461538461538461,-0.002685546875,0.006172839506172839,0.95
all,0.7777777777777778,0.5555555555555556,1.0,0.7142857142857143,-0.00323486328125,0.0,0.97
all,0.7160493827160493,0.43209876543209874,1.0,0.603448275862069,-0.004700317382812494,0.0,0.99
