constraint,accuracy,recall,precision,f1,classification threshold,fpr,data percentage
all,0.8484375,0.796875,0.8885017421602788,0.8401976935749589,-0.003936767578125,0.1,0.95
all,0.81484375,0.65625,0.9610983981693364,0.7799442896935933,-0.00494384765625,0.0265625,0.975
all,0.73671875,0.4796875,0.9871382636655949,0.6456361724500526,-0.006122436523437498,0.00625,0.99
all,0.7015625,0.4078125,0.9886363636363636,0.5774336283185841,-0.006560211181640624,0.0046875,0.995
