data percentage,constraint,accuracy,classification threshold
0.95,clean test,0.775,-0.0009185791015624993
0.975,clean test,0.9,-0.001639175415039061
0.99,clean test,0.975,-0.0023577880859374997
0.995,clean test,0.975,-0.0026316833496093745
