data percentage,accuracy,recall,precision,f1,classification threshold
0.95,0.785,0.7875,0.9333333333333333,0.8542372881355933,-0.0009185791015624993
0.975,0.775,0.74375,0.967479674796748,0.8409893992932862,-0.001639175415039061
0.99,0.775,0.725,0.9914529914529915,0.8375451263537905,-0.0023577880859374997
0.995,0.775,0.725,0.9914529914529915,0.8375451263537905,-0.0026316833496093745
