data percentage,accuracy,recall,precision,f1,classification threshold
0.95,0.7075,0.665625,0.9551569506726457,0.7845303867403315,-0.0009796142578124994
0.975,0.6925,0.621875,0.9900497512437811,0.7639155470249519,-0.001670455932617186
0.99,0.635,0.54375,1.0,0.7044534412955465,-0.0024124145507812495
0.995,0.6225,0.528125,1.0,0.6912065439672801,-0.002588348388671875
